{
  "project_info": {
    "project_number": "662472942358",
    "firebase_url": "https://mypet-8572c-default-rtdb.firebaseio.com",
    "project_id": "mypet-8572c",
    "storage_bucket": "mypet-8572c.appspot.com"
  },
  "client": [
    {
      "client_info": {
        "mobilesdk_app_id": "1:662472942358:android:9cda339528a8788d38a637",
        "android_client_info": {
          "package_name": "com.example.mypet"
        }
      },
      "oauth_client": [],
      "api_key": [
        {
          "current_key": "AIzaSyAKJcMrpuIVf5aZfjG-fwwdlshP0sYLHNo"
        }
      ],
      "services": {
        "appinvite_service": {
          "other_platform_oauth_client": []
        }
      }
    }
  ],
  "configuration_version": "1"
}